Date,GDP,Inflation,Aus Cash Rate,US Cash Rate,Aus Duration,US Duration,Aus Eq Perf,US Eq Perf,Int Fixed Interest Perf,IG Credit Perf
31-Dec-80,2.93,9.24,12.45,18.9,12.6,12.84,48.86,17.18,3.06,4.25
31-Jan-81,2.93,9.24,12.61,19.08,13.1,12.57,16.99,9.09,3.06,4.25
28-Feb-81,2.93,9.24,13.36,15.93,13.1,13.19,12.51,9.91,3.06,8.96
31-Mar-81,2.93,9.45,14.63,14.7,13.1,13.12,43.64,23.83,13.22,12.35
30-Apr-81,2.93,9.45,16.69,15.72,13.1,13.68,38.8,21.63,13.22,-5.2
31-May-81,2.93,9.45,16.28,18.52,13.1,14.1,24.74,18.21,13.22,-6.25
30-Jun-81,4.16,8.4,15.58,19.1,13.1,13.47,15.79,12.76,-4.09,-8.82
31-Jul-81,4.16,8.4,15.39,19.04,13.9,14.28,3.49,8.6,-4.09,-8.21
31-Aug-81,4.16,8.4,15.72,17.82,15,14.94,-0.82,4.49,-4.09,-6.75
30-Sep-81,5.71,9.02,15.35,15.87,15,15.32,-13.63,-5.13,-1.24,-6.49
31-Oct-81,5.71,9.02,14.69,15.08,15,15.15,-21.77,-4,-1.24,-1.21
30-Nov-81,5.71,9.02,14.62,13.31,15,13.39,-15.54,-3.37,-1.24,9.37
31-Dec-81,3.53,11.03,15.54,12.37,15,13.72,-12.94,0.31,7.29,2.74
31-Jan-82,3.53,11.03,16.21,13.22,15,14.59,-12.81,4.15,7.29,2.51
28-Feb-82,3.53,11.03,17.12,14.78,15.1,14.43,-21.44,-2.15,7.29,7.16
31-Mar-82,2.29,10.79,18.89,14.68,15.15,13.86,-31.89,-4.66,10.34,6.82
30-Apr-82,2.29,10.79,21.39,14.94,15.2,13.87,-25.3,-2.85,10.34,16.56
31-May-82,2.29,10.79,18.45,14.45,16.4,13.62,-25.78,-3.25,10.34,14.13
30-Jun-82,1.69,10.92,18.57,14.15,16.4,14.3,-29.03,-4.13,13.38,10.03
31-Jul-82,1.69,10.92,17.29,12.59,16.4,13.95,-22.81,-2.2,13.38,18.44
31-Aug-82,1.69,10.92,17.17,10.12,16.5,13.06,-19.31,11.52,13.38,29.87
30-Sep-82,-1.01,12.41,15.46,10.31,15.2,12.34,-8.3,22.43,33.53,38.1
31-Oct-82,-1.01,12.41,14.57,9.71,14.55,10.91,-3.36,27.95,33.53,41.01
30-Nov-82,-1.01,12.41,14.76,9.2,14.6,10.55,-14,24.8,33.53,29.61
31-Dec-82,-2.2,11.26,12.13,8.95,14,10.54,-13.87,27.08,31.1,37.19
31-Jan-83,-2.2,11.26,10.65,8.68,13,10.46,3.24,28.33,31.1,38.83
28-Feb-83,-2.2,11.26,13.77,8.51,13.6,10.72,7.2,39.52,31.1,39.85
31-Mar-83,-2.4,11.36,15.26,8.77,14.4,10.51,17.12,60.28,30.57,38.48
30-Apr-83,-2.4,11.36,13.92,8.8,14.1,10.4,23.8,65.27,30.57,39.7
31-May-83,-2.4,11.36,12.15,8.63,13.1,10.38,29.33,63.2,30.57,34.07
30-Jun-83,-3.46,11.11,14.24,8.98,14.7,10.85,34.7,72.92,29.12,38.29
31-Jul-83,-3.46,11.11,12.8,9.37,14.8,11.38,51.93,65.59,29.12,27.86
31-Aug-83,-3.46,11.11,12.16,9.56,14.7,11.85,52.77,51.2,29.12,20.13
30-Sep-83,-0.06,9.2,11.06,9.45,14.15,11.65,49.89,47.68,15.24,18.52
31-Oct-83,-0.06,9.2,10.94,9.48,13.4,11.54,42.99,31.95,15.24,11.43
30-Nov-83,-0.06,9.2,10.55,9.34,13.2,11.69,60.73,30.81,15.24,10.49
31-Dec-83,3.3,8.63,8.89,9.47,13.5,11.83,66.8,32.42,7.98,8.94
31-Jan-84,3.3,8.63,9.76,9.56,13.5,11.67,49,26.75,7.98,11.12
29-Feb-84,3.3,8.63,12.04,9.59,14,11.84,54.55,16.8,7.98,6.58
31-Mar-84,6.95,5.83,13.77,9.91,14.1,12.32,52.53,7.81,5.23,3.79
30-Apr-84,6.95,5.83,13.88,10.29,13.9,12.63,33.16,2.55,5.23,-1.16
31-May-84,6.95,5.83,13.78,10.32,14.15,13.41,10.04,-0.17,5.23,-2.71
30-Jun-84,8.34,4,12.81,11.06,13.75,13.56,13.47,2.92,1.77,-0.7
31-Jul-84,8.34,4,12.3,11.23,13.15,13.36,5.72,3.2,1.77,6.84
31-Aug-84,8.34,4,11.56,11.64,12.8,12.72,8.96,10.81,1.77,9.1
30-Sep-84,6.34,3.65,10.53,11.3,13.1,12.52,7.19,12.88,8.59,8.57
31-Oct-84,6.34,3.65,11.17,9.99,13.2,12.16,14.31,16.48,8.59,13.22
30-Nov-84,6.34,3.65,11.26,9.43,13.25,11.57,5.15,11.03,8.59,14.63
31-Dec-84,5.29,2.47,12.34,8.38,13.4,11.5,-2.26,14.33,15,16.07
31-Jan-85,5.29,2.47,13.35,8.35,13.1,11.38,5.51,24.01,16.8,16.47
28-Feb-85,5.29,2.47,13.81,8.5,13.7,11.51,12.19,49.14,15.19,15.03
31-Mar-85,4.16,4.41,15.29,8.58,13.8,11.86,15.52,48.07,17.21,18.44
30-Apr-85,4.16,4.41,15.79,8.27,13.95,11.43,20.97,57.63,19.87,22.58
31-May-85,4.16,4.41,15.53,7.97,13.8,10.85,39.43,70.59,24.72,35.17
30-Jun-85,5.3,6.59,15.75,7.53,13.5,10.16,36.51,60.87,29.14,33.96
31-Jul-85,5.3,6.59,15.14,7.88,13.4,10.31,43.45,54.68,30.47,27.51
31-Aug-85,5.3,6.59,16.25,7.9,13.95,10.33,33.59,48.25,33.14,26.95
30-Sep-85,5.71,7.59,16.78,7.92,13.8,10.37,39.47,46.47,25.09,24.42
31-Oct-85,5.71,7.59,16.36,7.99,14.55,10.24,42.09,55.53,26.7,21.89
30-Nov-85,5.71,7.59,18.18,8.05,15.05,9.78,37.65,72.06,29.97,22.27
31-Dec-85,4.66,8.29,19.56,8.27,14.85,9.26,44.06,70.6,24.74,24.99
31-Jan-86,4.66,8.29,18.97,8.14,14.1,9.19,44.82,54.23,24.56,22.35
28-Feb-86,4.66,8.29,18.29,7.86,13.7,8.7,38.05,49.4,32.2,31.56
31-Mar-86,3.94,9.23,16.44,7.48,12.6,7.78,42.54,53.84,35.42,32.55
30-Apr-86,3.94,9.23,15.76,6.99,12.25,7.3,43.92,40.32,34.34,29.64
31-May-86,3.94,9.23,14.73,6.85,12.65,7.71,47.79,41.25,27.66,20.8
30-Jun-86,1.5,8.51,14.68,6.92,12.95,7.8,42.49,54.81,29.25,22.01
31-Jul-86,1.5,8.51,14.85,6.56,14.2,7.3,24.76,87.87,29.73,23.41
31-Aug-86,1.5,8.51,17.37,6.17,14.1,7.17,32.18,92.86,30.75,23.35
30-Sep-86,0.5,8.82,18.08,5.89,13.85,7.45,31.27,78.68,27.71,21.99
31-Oct-86,0.5,8.82,16.82,5.85,13.6,7.43,39.16,61.46,28.64,20.98
30-Nov-86,0.5,8.82,15.9,6.04,13.6,7.25,44.49,53.81,27.56,19.86
31-Dec-86,2.51,9.63,15.53,6.91,13.4,7.11,52.22,45.58,25.58,17.03
31-Jan-87,2.51,9.63,15.86,6.43,13.8,7.08,44.21,69.14,26.41,18.61
28-Feb-87,2.51,9.63,16.7,6.1,14,7.25,59.19,52.96,23.29,13.65
31-Mar-87,2.82,9.42,16.41,6.13,13.45,7.25,53.62,44.23,19.14,10.59
30-Apr-87,2.82,9.42,15.08,6.37,13.05,8.02,48.94,55.68,18.26,6.33
31-May-87,2.82,9.42,14.14,6.85,13,8.61,47.08,48.93,20.68,6.82
30-Jun-87,4.67,9.26,13.68,6.73,12.8,8.4,54.01,32.75,17.59,6.26
31-Jul-87,4.67,9.26,12.99,6.58,12.95,8.45,86.13,22.28,15.4,5.19
31-Aug-87,4.67,9.26,12.54,6.73,12.95,8.76,85.58,19.38,12.35,2.65
30-Sep-87,6.24,8.33,11.7,7.22,12.5,9.42,85.44,26.28,11.52,-0.04
31-Oct-87,6.24,8.33,11.99,7.29,13.65,9.52,-3.49,16.58,14.09,2.1
30-Nov-87,6.24,8.33,12.45,6.69,13.3,8.86,-0.96,4.65,13.76,1.48
31-Dec-87,6.55,7.21,11.46,6.77,12.85,8.99,-7.86,7.03,13.53,2.07
31-Jan-88,6.55,7.21,11.05,6.83,12.4,8.67,-13.54,-0.58,14.39,4.26
29-Feb-88,6.55,7.21,10.95,6.58,12.3,8.21,-20.19,2.95,13.56,4.85
31-Mar-88,5.92,6.84,10.95,6.58,11.9,8.37,-13.61,0.84,12.64,4.24
30-Apr-88,5.92,6.84,11.39,6.87,11.5,8.72,-13.88,-6.16,12.19,7.08
31-May-88,5.92,6.84,12.28,7.09,12.3,9.09,-8.32,-12.13,11.38,7.16
30-Jun-88,4.36,7.17,13.1,7.51,11.95,8.92,-8.61,-9.87,12.45,8.74
31-Jul-88,4.36,7.17,13.08,7.75,11.95,9.06,-17.73,-14.06,13.4,8.69
31-Aug-88,4.36,7.17,13.32,8.01,11.8,9.26,-24.22,-21.91,13.56,9.58
30-Sep-88,3.33,7.26,13.64,8.19,11.95,8.98,-28.36,-15.26,17.94,15.74
31-Oct-88,3.33,7.26,14,8.3,11.9,8.8,27.7,-2.33,15.68,13.63
30-Nov-88,3.33,7.26,14.73,8.35,12.35,8.96,15.32,2.66,14.16,11.15
31-Dec-88,2.93,7.56,15.11,8.76,12.95,9.11,17.88,4.16,13.72,9.46
31-Jan-89,2.93,7.56,15.56,9.12,13.3,9.09,28.99,-0.92,12.1,6.71
28-Feb-89,2.93,7.56,16.54,9.36,13.65,9.17,24.24,5.01,10.03,4.7
31-Mar-89,3.54,6.82,17.25,9.85,13.65,9.36,8.1,2.33,10.92,6.4
30-Apr-89,3.54,6.82,17.46,9.84,13.4,9.18,8.24,9.01,12.78,9.22
31-May-89,3.54,6.82,17.52,9.81,13.9,8.86,2.76,21.79,14.64,12.82
30-Jun-89,5.61,7.51,18.37,9.53,13.5,8.28,3.53,17.9,16.27,13.05
31-Jul-89,5.61,7.51,18.06,9.24,13.35,8.02,7.35,31.13,19.25,15.84
31-Aug-89,5.61,7.51,17.96,8.99,12.95,8.11,18.79,33.62,19.02,13.69
30-Sep-89,5.61,7.97,18.12,9.02,13.65,8.19,18.38,26.93,16.94,11.44
31-Oct-89,5.61,7.97,18.36,8.84,13.55,8.01,9.77,18.92,16.52,11.87
30-Nov-89,5.61,7.97,18.25,8.55,13.1,7.87,16.22,27.66,17.77,13.98
31-Dec-89,3.63,7.81,17.89,8.45,12.9,7.84,17.4,26.17,17.94,13.96
31-Jan-90,3.63,7.81,17.33,8.23,12.8,8.21,14.45,24.29,15.19,11.01
28-Feb-90,3.63,7.81,16.2,8.24,13.3,8.47,11.94,8.66,15.7,11.91
31-Mar-90,3.43,8.7,15.84,8.28,13.44,8.59,11.38,6.02,15.1,11.59
30-Apr-90,3.43,8.7,15.14,8.26,13.78,8.79,1.07,-0.45,12.98,8.55
31-May-90,3.43,8.7,15.05,8.18,13.51,8.76,4.46,3.93,14.44,8.62
30-Jun-90,1.4,7.74,15.02,8.29,13.4,8.48,4.09,2.17,13.11,7.27
31-Jul-90,1.4,7.74,14.83,8.15,13.16,8.47,1.62,-7.51,11.43,6.63
31-Aug-90,1.4,7.74,14,8.13,13.49,8.75,-9.75,-15.45,10.53,6.42
30-Sep-90,-0.01,6.09,14,8.2,13.63,8.89,-15.05,-26.53,10.56,6.39
31-Oct-90,-0.01,6.09,13.43,8.11,13.35,8.72,-14.73,-11.53,11.49,4.5
30-Nov-90,-0.01,6.09,13,7.81,12.23,8.39,-13.19,-15.24,12.77,5.78
31-Dec-90,0.9,6.88,12.58,7.31,12.07,8.08,-17.52,-14.96,13.34,7.29
31-Jan-91,0.9,6.88,12,6.91,11.52,8.09,-16.34,-11.39,16.56,9.78
28-Feb-91,0.9,6.88,12,6.25,11.53,7.85,-5.04,-0.18,18.22,11.19
31-Mar-91,-1.2,4.8,12,6.12,11.38,8.11,-0.22,3.46,18.19,12.47
30-Apr-91,-1.2,4.8,11.55,5.91,10.98,8.04,12.98,4.22,19.63,15.23
31-May-91,-1.2,4.8,10.98,5.78,10.75,8.07,5.56,1.8,17.1,12.67
30-Jun-91,-1.5,3.33,10.5,5.9,11.17,8.28,5.86,-2.01,15.33,10.85
31-Jul-91,-1.5,3.33,10.5,5.82,10.99,8.27,5.3,0.35,15.37,10.95
31-Aug-91,-1.5,3.33,10.5,5.66,10.67,7.9,7.67,12.56,18.69,15.21
30-Sep-91,-0.41,3.13,9.55,5.45,10.31,7.65,17.77,28.77,20.53,17.16
31-Oct-91,-0.41,3.13,9.5,5.21,9.82,7.53,32.99,16.48,18.48,17.72
30-Nov-91,-0.41,3.13,8.64,4.81,9.78,7.42,27.16,10.78,16.89,16.65
31-Dec-91,-0.91,1.53,8.5,4.43,9.39,7.09,34.24,19.86,18.47,18.48
31-Jan-92,-0.91,1.53,7.69,4.03,10.11,7.03,27.88,16.39,16.24,15.93
29-Feb-92,-0.91,1.53,7.5,4.06,10.04,7.34,19.55,4.68,15.46,15.36
31-Mar-92,1.2,1.7,7.5,3.98,9.89,7.54,13.82,-0.61,14.35,13.32
30-Apr-92,1.2,1.7,7.5,3.73,9.43,7.48,12.24,2.77,13.79,12.37
31-May-92,1.2,1.7,6.64,3.82,9.12,7.39,17.52,1.24,14.57,13.81
30-Jun-92,2.12,1.19,6.5,3.76,8.9,7.26,15.09,6.93,15.79,15.57
31-Jul-92,2.12,1.19,5.91,3.25,8.3,6.84,8.08,4.33,16.19,16.76
31-Aug-92,2.12,1.19,5.75,3.3,8.97,6.59,5.22,12.34,14.77,15.4
30-Sep-92,2.62,0.84,5.75,3.22,8.94,6.42,-0.72,11.3,14.18,14.29
31-Oct-92,2.62,0.84,5.75,3.1,8.86,6.59,-11.32,6.52,13.65,11.44
30-Nov-92,2.62,0.84,5.75,3.09,9.14,6.87,-5.58,16.42,12.74,10.37
31-Dec-92,4.67,0.33,5.75,2.92,8.94,6.77,-1.13,4.59,11.07,8.87
31-Jan-93,4.67,0.33,5.75,3.02,8.6,6.6,-1.3,7.42,13.13,12.52
28-Feb-93,4.67,0.33,5.75,3.03,7.98,6.26,4.57,9.53,14.71,13.93
31-Mar-93,4.57,1.17,5.6,3.07,7.82,5.98,10.5,22.42,15.23,14.92
30-Apr-93,4.57,1.17,5.25,2.96,7.55,5.97,6.05,24.24,14.92,15.06
31-May-93,4.57,1.17,5.25,3,7.71,6.04,5.86,26.08,13.49,12.84
30-Jun-93,4.47,1.84,5.25,3.04,7.37,5.96,8.32,31.92,14.72,13.62
31-Jul-93,4.47,1.84,5.23,3.06,6.88,5.81,17,28.53,13.89,11.74
31-Aug-93,4.47,1.84,4.75,3.03,6.64,5.68,30.94,29.93,15.45,13.26
30-Sep-93,3.54,2.17,4.75,3.09,6.84,5.36,34.22,32.82,14.31,12.45
31-Oct-93,3.54,2.17,4.75,2.99,6.49,5.33,50.45,32.29,14.72,14.75
30-Nov-93,3.54,2.17,4.75,3.02,6.81,5.72,39.19,21.56,14.77,13.36
31-Dec-93,3.23,1.83,4.75,2.96,6.68,5.77,40.05,24.19,14.76,12.12
31-Jan-94,3.23,1.83,4.75,3.05,6.36,5.75,51.43,24.37,12.97,11.47
28-Feb-94,3.23,1.83,4.75,3.25,7.05,5.97,35.12,22.3,8.63,6.8
31-Mar-94,4.15,1.49,4.75,3.34,7.95,6.48,22.56,14.21,7.15,3.25
30-Apr-94,4.15,1.49,4.75,3.56,8.44,6.97,23.05,10.48,6.03,1.53
31-May-94,4.15,1.49,4.75,4.01,8.79,7.18,20.53,1.61,5.21,1.14
30-Jun-94,4.77,1.81,4.75,4.25,9.63,7.1,15.27,-0.07,2.15,-1.37
31-Jul-94,4.77,1.81,4.75,4.26,9.57,7.3,12.91,2.51,2.21,0.11
31-Aug-94,4.77,1.81,5.11,4.47,9.36,7.24,8.93,-2.5,-0.59,-1.98
30-Sep-94,5.51,1.96,5.5,4.73,10.33,7.46,6.23,-6.39,-1.59,-4.08
31-Oct-94,5.51,1.96,5.79,4.76,10.51,7.74,-1.03,-3.45,-2.33,-4.66
30-Nov-94,5.51,1.96,6.5,5.29,10.47,7.96,-2.71,-6.44,-1.65,-3.81
31-Dec-94,4.78,2.61,7.05,5.45,10.04,7.81,-8.76,-8.09,-2.66,-3.54
31-Jan-95,4.78,2.61,7.5,5.53,10.33,7.78,-17.43,-8.92,-1.36,-3.25
28-Feb-95,4.78,2.61,7.5,5.92,10.15,7.47,-7.48,-3.49,2.24,1.51
31-Mar-95,3.13,3.74,7.5,5.98,10.14,7.2,-1.89,4.56,5.32,5.4
30-Apr-95,3.13,3.74,7.5,6.05,9.8,7.06,4.29,7.63,7.59,8.08
31-May-95,3.13,3.74,7.5,6.01,9.11,6.63,2.04,13.42,11.96,13.55
30-Jun-95,2.32,4.52,7.5,6,8.86,6.17,6.95,14.18,13.1,14.68
31-Jul-95,2.32,4.52,7.5,5.85,9.08,6.28,8.37,14.09,12.74,11.76
31-Aug-95,2.32,4.52,7.5,5.74,9.12,6.49,5.81,7.08,14.46,13.2
30-Sep-95,3.84,5.14,7.5,5.8,8.69,6.2,10.87,12.22,16.5,16.46
31-Oct-95,3.84,5.14,7.5,5.76,8.51,6.04,6.99,6.89,17.78,18.24
30-Nov-95,3.84,5.14,7.5,5.8,8.5,5.93,20.29,22.53,19.16,20.85
31-Dec-95,2.71,5.1,7.5,5.6,8.25,5.71,21.1,26.05,20.11,21.69
31-Jan-96,2.71,5.1,7.5,5.56,8.11,5.65,30.32,26.91,19.57,19.98
29-Feb-96,2.71,5.1,7.5,5.22,8.25,5.81,23.86,19.36,16.14,14.2
31-Mar-96,4.35,3.76,7.5,5.31,8.81,6.27,20.92,12.5,14.7,12.28
30-Apr-96,4.35,3.76,7.5,5.22,8.87,6.51,17.01,9.85,13.5,9.37
31-May-96,4.35,3.76,7.5,5.24,8.83,6.74,15.84,6.13,10.26,4.41
30-Jun-96,4.56,3.09,7.5,5.27,8.93,6.91,14.31,6.66,11.21,5.03
31-Jul-96,4.56,3.09,7.48,5.4,8.63,6.87,5.79,4.15,11.1,5.66
31-Aug-96,4.56,3.09,7,5.22,8.04,6.64,9.53,7.17,11.12,3.86
30-Sep-96,3.03,2.14,7,5.3,8,6.83,10.69,8.49,11.66,4.8
31-Oct-96,3.03,2.14,7,5.24,7.55,6.53,17.51,11.54,12.34,6.17
30-Nov-96,3.03,2.14,6.57,5.31,7.16,6.2,14.57,8.34,12.14,6.22
31-Dec-96,3.95,1.52,6.18,5.29,7.32,6.58,14.35,6.24,10.67,3.32
31-Jan-97,3.95,1.52,6,5.25,7.46,6.42,10.78,10.29,10.47,2.89
28-Feb-97,3.95,1.52,6,5.19,7.39,6.69,11.56,11.82,12.33,5.52
31-Mar-97,2.93,1.36,6,5.39,7.9,6.89,13.55,9.15,11.15,5
30-Apr-97,2.93,1.36,6,5.51,7.92,6.71,12.19,11.05,11.8,7.55
31-May-97,2.93,1.36,5.86,5.5,7.67,6.49,20.34,22.91,11.75,8.79
30-Jun-97,5.39,0.3,5.5,5.56,7.15,6.22,27.6,28.56,12.12,8.83
31-Jul-97,5.39,0.3,5.46,5.52,6.64,6.3,31.51,37.73,13.52,12.48
31-Aug-97,5.39,0.3,5,5.54,6.65,6.21,19.64,32.07,12.08,11.13
30-Sep-97,4.66,-0.45,5,5.54,6.31,6.03,26.69,35.84,11.6,10.8
31-Oct-97,4.66,-0.45,5,5.5,6.18,5.88,9.69,31.83,10.53,9.28
30-Nov-97,4.66,-0.45,5,5.52,6.03,5.81,8.46,34.44,9.1,7.7
31-Dec-97,5.28,-0.3,5,5.5,6.14,5.54,12.67,41.63,10.48,10.17
31-Jan-98,5.28,-0.3,5,5.56,5.81,5.57,13.94,31.07,10.82,11.23
28-Feb-98,5.28,-0.3,5,5.51,5.89,5.65,14.31,41.85,10.77,10.9
31-Mar-98,5.28,-0.15,5,5.49,5.87,5.64,18.21,56.6,12.07,13
30-Apr-98,5.28,-0.15,5,5.45,5.69,5.65,15.97,55.36,11.3,12.14
31-May-98,5.28,-0.15,5,5.49,5.64,5.5,8.26,46.46,11.96,12.14
30-Jun-98,3.13,0.75,5,5.56,5.58,5.46,2.02,42.16,10.99,11.32
31-Jul-98,3.13,0.75,5,5.54,5.52,5.34,3.29,37.51,9.52,7.44
31-Aug-98,3.13,0.75,5,5.55,5.64,4.81,-0.19,33.6,12.28,9.21
30-Sep-98,4.99,1.35,5,5.51,5.35,4.53,-3.47,22.77,13.15,10.75
31-Oct-98,4.99,1.35,5,5.07,4.97,4.83,10.17,30.76,11.87,8.12
30-Nov-98,4.99,1.35,5,4.83,5.13,4.65,15.14,30.72,11.92,9.39
31-Dec-98,4.99,1.5,4.76,4.68,4.85,4.72,9.8,32.34,10.41,8.55
31-Jan-99,4.99,1.5,4.75,4.63,5.13,5,10.95,35.12,10.18,8.39
28-Feb-99,4.99,1.5,4.75,4.76,5.3,5.23,9.22,23.81,8.39,5.95
31-Mar-99,5.09,1.19,4.75,4.81,5.53,5.18,10.71,18.4,8.7,6.23
30-Apr-99,5.09,1.19,4.75,4.74,5.36,5.54,15.9,14.03,9.22,5.91
31-May-99,5.09,1.19,4.75,4.74,5.88,5.9,10.5,9.21,7.37,3.33
30-Jun-99,4.46,1.04,4.75,4.76,6.21,5.79,14.81,8.17,5.46,2.05
31-Jul-99,4.46,1.04,4.75,4.99,6.14,5.94,14.9,7.36,4.64,1.54
31-Aug-99,4.46,1.04,4.75,5.07,6.34,5.92,22.6,19.52,2.46,1.21
30-Sep-99,3.75,1.78,4.75,5.22,6.34,6.11,16.12,17.58,0.58,-0.87
31-Oct-99,3.75,1.78,4.75,5.2,6.61,6.03,13.99,22.15,0.88,0.64
30-Nov-99,3.75,1.78,4.98,5.42,6.56,6.28,14.45,20.05,0.59,-0.9
31-Dec-99,3.95,1.92,5,5.3,6.74,6.66,18.74,17.2,0.83,-1.62
31-Jan-00,3.95,1.92,5,5.45,7.18,6.52,14.63,13.65,-0.11,-2.92
29-Feb-00,3.95,1.92,5.48,5.73,6.96,6.26,16.91,20.2,1.98,0.06
31-Mar-00,3.64,2.8,5.5,5.85,6.57,5.99,13.18,27.06,2.6,0.19
30-Apr-00,3.64,2.8,5.72,6.02,6.26,6.44,6.46,27.91,1.9,-1.01
31-May-00,3.64,2.8,5.98,6.27,6.47,6.1,12.55,29.48,3,-0.24
30-Jun-00,4.26,3.08,6,6.53,6.17,6.05,17.93,23.81,5.03,2.86
31-Jul-00,4.26,3.08,6,6.54,6.16,5.83,13.89,23.52,6.02,4.64
31-Aug-00,4.26,3.08,6.24,6.5,6.23,5.8,18.43,24.88,6.31,6.12
30-Sep-00,3.33,6.11,6.25,6.52,6.14,5.74,21.16,30.46,6.47,5.79
31-Oct-00,3.33,6.11,6.25,6.51,6.11,5.72,19.11,24.42,7.22,5.4
30-Nov-00,3.33,6.11,6.25,6.51,5.99,5.24,14.08,11.66,8.73,6.77
31-Dec-00,1.2,5.79,6.25,6.4,5.54,5.16,6.36,2.19,10.11,8.81
31-Jan-01,1.2,5.79,6.25,5.98,5.41,5.1,12.19,8.97,11.15,11.18
28-Feb-01,1.2,5.79,5.85,5.49,5.32,4.89,10.05,0.29,11.27,11.38
31-Mar-01,1.81,6.03,5.55,5.31,5.13,5.14,3.9,-7.05,10.35,11.16
30-Apr-01,1.81,6.03,5.06,4.8,5.58,5.39,10.56,-4.26,9.23,11.85
31-May-01,1.81,6.03,5,4.21,5.94,5.28,13.5,-4.5,9.11,13.41
30-Jun-01,1.7,6.13,5,3.97,5.9,5.24,9.07,-6.01,8.99,11.26
31-Jul-01,1.7,6.13,5,3.77,6.09,4.97,5.81,-7.81,9.68,12.22
31-Aug-01,1.7,6.13,5,3.65,5.76,4.73,2.95,-18.28,10.39,12.08
30-Sep-01,2.62,2.47,4.78,3.07,5.58,4.57,-4.37,-21.31,10.64,11.46
31-Oct-01,2.62,2.47,4.52,2.49,5.41,4.65,3.31,-23.79,12.09,13.88
30-Nov-01,2.62,2.47,4.5,2.09,5.46,5.09,5.38,-15.34,9.34,11.83
31-Dec-01,4.27,3.15,4.28,1.82,5.82,5.04,10.36,-9.96,7.39,9.62
31-Jan-02,4.27,3.15,4.25,1.73,5.86,4.91,7.16,-14.5,6.67,8.48
28-Feb-02,4.27,3.15,4.25,1.74,5.95,5.28,6.08,-13.23,6.19,8.2
31-Mar-02,4.06,2.98,4.25,1.73,6.31,5.21,12.15,-12.67,4.67,6.32
30-Apr-02,4.06,2.98,4.25,1.75,6.29,5.16,4.05,-18.3,7.01,8.01
31-May-02,4.06,2.98,4.45,1.75,6.22,4.93,3.23,-22,6.99,8.16
30-Jun-02,4.99,2.82,4.72,1.75,6.01,4.65,-4.69,-23.5,7.99,8.32
31-Jul-02,4.99,2.82,4.75,1.73,5.86,4.26,-3.98,-26.95,8.14,6.77
31-Aug-02,4.99,2.82,4.75,1.74,5.65,3.87,-1.41,-21.21,8.85,7.89
30-Sep-02,4.05,3.21,4.75,1.75,5.44,3.94,1,-26.99,9.82,9.62
31-Oct-02,4.05,3.21,4.75,1.75,5.66,4.05,-2.81,-22.89,7.43,6.8
30-Nov-02,4.05,3.21,4.75,1.34,5.5,4.03,-4.8,-21.75,8.46,8.33
31-Dec-02,3.64,2.92,4.75,1.24,5.4,4.05,-8.77,-27.44,11.22,11.7
31-Jan-03,3.64,2.92,4.75,1.24,5.28,3.9,-11.38,-31.04,11.74,11.59
28-Feb-03,3.64,2.92,4.75,1.26,5.17,3.81,-14.74,-32.73,12.45,12.71
31-Mar-03,3.03,3.29,4.75,1.25,5.27,3.96,-11.93,-33.38,13.4,14.21
30-Apr-03,3.03,3.29,4.75,1.26,5.35,3.57,-6.46,-26.99,12.41,14.43
31-May-03,3.03,3.29,4.75,1.26,5.03,3.33,-6.93,-21.92,14.25,16.34
30-Jun-03,1.71,2.61,4.75,1.22,4.8,3.98,-1.71,-18.53,12.22,15.63
31-Jul-03,1.71,2.61,4.75,1.01,5.23,4.45,5.66,-8.87,8.76,12.09
31-Aug-03,1.71,2.61,4.75,1.03,5.52,4.27,7.07,-5.79,6.85,10.32
30-Sep-03,3.13,2.59,4.75,1.01,5.51,4.29,11.44,0.51,6.79,11.26
31-Oct-03,3.13,2.59,4.75,1.01,5.61,4.3,12.13,-3.48,6.13,11.05
30-Nov-03,3.13,2.59,4.98,1,5.87,4.27,8.64,-7.78,6.38,10.46
31-Dec-03,4.05,2.45,5.23,0.98,5.76,4.15,14.61,-0.76,5.56,9.28
31-Jan-04,4.05,2.45,5.25,1,5.7,4.08,15.58,7.33,5.66,9.52
29-Feb-04,4.05,2.45,5.25,1.01,5.62,3.83,25.38,13.37,5.87,9.34
31-Mar-04,4.67,2.04,5.25,1,5.42,4.35,23.41,13.74,6.57,10.25
30-Apr-04,4.67,2.04,5.25,1,5.8,4.72,17.96,12.07,4.91,6.72
31-May-04,4.67,2.04,5.25,1,5.96,4.73,19.84,12.76,2.92,3.78
30-Jun-04,4.99,2.54,5.25,1.03,5.85,4.5,21.61,19.38,3.5,4.31
31-Jul-04,4.99,2.54,5.25,1.26,5.72,4.28,18.08,8.68,6.08,8.27
31-Aug-04,4.99,2.54,5.25,1.43,5.58,4.13,16.03,5.81,8.17,9.96
30-Sep-04,4.06,2.28,5.25,1.61,5.41,4.1,20.71,9.21,7.19,8.02
31-Oct-04,4.06,2.28,5.25,1.76,5.4,4.19,20.51,7.35,8.95,9.95
30-Nov-04,4.06,2.28,5.25,1.93,5.4,4.23,28.67,9.15,9.23,9.68
31-Dec-04,3.03,2.52,5.25,2.16,5.23,4.22,27.99,9.94,8.98,9.31
31-Jan-05,3.03,2.52,5.25,2.28,5.35,4.17,30.88,7.96,9.27,9.32
28-Feb-05,3.03,2.52,5.25,2.5,5.4,4.5,29.7,8.42,7.53,7.64
31-Mar-05,3.03,2.37,5.49,2.63,5.65,4.34,25.63,8.79,7.51,6.14
30-Apr-05,3.03,2.37,5.5,2.79,5.47,4.14,22.19,1.71,10.32,9.55
31-May-05,3.03,2.37,5.5,3,5.29,4,23.82,4.48,11.44,11.28
30-Jun-05,2.83,2.48,5.5,3.04,5.14,4.18,26.35,0.06,12.32,11.85
31-Jul-05,2.83,2.48,5.5,3.26,5.19,4.26,29.4,8.04,10.92,10.07
31-Aug-05,2.83,2.48,5.5,3.5,5.22,4.2,30.52,10.61,10.13,9.22
30-Sep-05,3.14,3.09,5.5,3.62,5.19,4.46,32.15,12.37,9.07,7.72
31-Oct-05,3.14,3.09,5.5,3.78,5.4,4.54,23.16,13,7.56,5.82
30-Nov-05,3.14,3.09,5.5,4,5.44,4.47,23.01,16.4,7.47,6.22
31-Dec-05,3.24,2.82,5.5,4.16,5.35,4.42,22.83,16.84,7.54,6.07
31-Jan-06,3.24,2.82,5.5,4.29,5.2,4.57,25.36,19.72,6.12,5.06
28-Feb-06,3.24,2.82,5.5,4.49,5.27,4.72,23.35,20.97,6.71,5.54
31-Mar-06,2.52,2.92,5.5,4.59,5.34,4.99,30.35,27.97,4.96,4.73
30-Apr-06,2.52,2.92,5.5,4.79,5.58,5.11,37.87,27.7,2.94,3.01
31-May-06,2.52,2.92,5.73,4.94,5.75,5.11,27.18,18.43,2.27,1.84
30-Jun-06,2.21,4,5.75,4.99,5.74,5.09,23.93,19.88,1.2,0.62
31-Jul-06,2.21,4,5.75,5.24,5.83,4.88,18.71,12.63,2.72,2.33
31-Aug-06,2.21,4,5.99,5.25,5.77,4.72,20.25,13.73,3.23,2.51
30-Sep-06,2.62,3.96,6,5.25,5.6,4.73,15.96,16.91,4.21,3.98
31-Oct-06,2.62,3.96,6,5.25,5.67,4.6,26.12,16.95,5.23,5.47
30-Nov-06,2.62,3.96,6.19,5.25,5.6,4.56,23.49,12.56,5.44,5.85
31-Dec-06,3.13,3.34,6.25,5.24,5.7,4.76,24.22,11.49,3.91,4.23
31-Jan-07,3.13,3.34,6.25,5.25,5.88,4.72,22.22,13.41,4.08,4.22
28-Feb-07,3.13,3.34,6.25,5.26,5.81,4.56,23.49,8.93,5.06,5.54
31-Mar-07,4.47,2.49,6.25,5.26,5.74,4.69,21.78,1.47,6.04,6.46
30-Apr-07,4.47,2.49,6.25,5.25,5.91,4.75,22.18,6.3,6.81,7.22
31-May-07,4.47,2.49,6.25,5.25,5.92,5.1,31.6,13,5.56,6.24
30-Jun-07,4.99,2.1,6.25,5.25,6.2,5,28.66,7.77,5.2,5.91
31-Jul-07,4.99,2.1,6.25,5.26,6.15,4.67,28.19,6.95,5.65,5.15
31-Aug-07,4.99,2.1,6.45,5.02,5.93,4.52,27.08,9.39,5.42,4.5
30-Sep-07,4.58,1.85,6.5,4.94,5.99,4.53,32.4,1.37,5.04,4.18
31-Oct-07,4.58,1.85,6.5,4.76,6.17,4.15,30.27,-0.24,5.46,4.54
30-Nov-07,4.58,1.85,6.7,4.49,6.03,4.1,23.72,0.01,6.25,4.03
31-Dec-07,3.65,2.89,6.75,4.24,6.21,3.74,16.07,-2.6,7.02,4.97
31-Jan-08,3.65,2.89,6.75,3.94,6.08,3.74,1.63,-14.01,9.17,6.27
29-Feb-08,3.65,2.89,6.96,2.98,6.29,3.51,-0.69,-16.6,8.83,4.79
31-Mar-08,3.24,4.27,7.22,2.61,6.09,3.68,-7.04,-14.56,9.29,4.29
30-Apr-08,3.24,4.27,7.25,2.28,6.17,3.88,-5.56,-14.08,8.15,4.61
31-May-08,3.24,4.27,7.25,1.98,6.36,4.1,-6.58,-16.66,8.06,4.93
30-Jun-08,2.83,4.45,7.25,2,6.59,4.01,-13.4,-21.26,8.69,4.95
31-Jul-08,2.83,4.45,7.25,2.01,6.37,3.89,-15.6,-18.9,8.77,5.12
31-Aug-08,2.83,4.45,7.25,2,5.86,3.69,-14.24,-16.99,8.98,5.48
30-Sep-08,2.42,4.98,7.02,1.81,5.65,3.81,-26.76,-16.68,9.27,-0.24
31-Oct-08,2.42,4.98,6.18,0.97,5.22,3.53,-37.79,-17.66,9.21,-5.8
30-Nov-08,2.42,4.98,5.33,0.39,4.94,2.42,-39.95,-22.44,11.14,-3.62
31-Dec-08,1.6,3.7,4.35,0.16,4.22,2.52,-38.44,-24.92,13.43,-0.73
31-Jan-09,1.6,3.7,4.25,0.15,4.09,2.87,-34.32,-17.28,9.62,-1.98
28-Feb-09,1.6,3.7,3.35,0.22,4.25,2.82,-36.89,-22.15,9.18,-2.98
31-Mar-09,1.5,2.44,3.25,0.18,4.33,2.93,-29.52,-24.48,10.03,-2.06
30-Apr-09,1.5,2.44,3.06,0.15,4.51,3.29,-28.82,-22.02,10.64,-0.43
31-May-09,1.5,2.44,3,0.18,5,3.72,-28.94,-22.21,10.75,2.63
30-Jun-09,1.91,1.42,3,0.21,5.56,3.56,-20.14,-16.24,11.48,5.38
31-Jul-09,1.91,1.42,3,0.16,5.49,3.59,-10.2,-11.43,10.72,8.04
31-Aug-09,1.91,1.42,3,0.16,5.53,3.4,-8.06,-15.74,10.07,8.8
30-Sep-09,1.5,1.19,3,0.15,5.32,3.39,8.34,-13.41,10.15,16.37
31-Oct-09,1.5,1.19,3.21,0.12,5.45,3.4,21.39,-14.53,9.35,22.95
30-Nov-09,1.5,1.19,3.48,0.12,5.47,3.59,31.72,-7.31,7.04,21.22
31-Dec-09,2.73,2.06,3.74,0.12,5.47,3.73,37.03,-0.29,3.85,16.99
31-Jan-10,2.73,2.06,3.75,0.11,5.56,3.69,35.16,-3.33,6.31,19.21
28-Feb-10,2.73,2.06,3.75,0.13,5.48,3.73,44.7,9.03,6.63,21.01
31-Mar-10,2.22,2.92,3.98,0.16,5.62,3.85,41.71,14.47,5.66,21.92
30-Apr-10,2.22,2.92,4.22,0.2,5.8,3.42,32.38,7.36,6.56,20.57
31-May-10,2.22,2.92,4.48,0.2,5.48,3.2,20.8,8,9.05,17.39
30-Jun-10,2.22,3.12,4.5,0.18,5.33,3.01,13.15,5.22,9.18,16.52
31-Jul-10,2.22,3.12,4.5,0.18,5.15,2.7,10.14,0.53,9.19,14.87
31-Aug-10,2.22,3.12,4.5,0.19,4.97,2.65,2.17,-4.03,10.61,15.38
30-Sep-10,2.63,2.88,4.5,0.19,5,2.54,0.61,-2.79,9.79,14.14
31-Oct-10,2.63,2.88,4.5,0.19,5.09,2.76,4.58,3.94,9.6,13.72
30-Nov-10,2.63,2.88,4.73,0.19,5.38,3.29,1.65,1.18,7.16,11.19
31-Dec-10,2.63,2.76,4.75,0.18,5.56,3.39,1.57,-2.04,7.93,11.37
31-Jan-11,2.63,2.76,4.75,0.17,5.52,3.58,8.46,6.24,6.8,9.73
28-Feb-11,2.63,2.76,4.75,0.16,5.61,3.41,8.65,7,6.28,10
31-Mar-11,1.91,3.26,4.75,0.14,5.44,3.46,3.44,0.64,6.19,9.26
30-Apr-11,1.91,3.26,4.75,0.1,5.51,3.17,4.58,0.45,6.52,9.59
31-May-11,1.91,3.26,4.75,0.09,5.33,3,10.84,0.47,6.28,11.15
30-Jun-11,2.52,3.55,4.75,0.09,5.16,3,11.73,2.66,5.37,9.32
31-Jul-11,2.52,3.55,4.75,0.07,5.02,2.3,2.7,-2.45,5.74,9.68
31-Aug-11,2.52,3.55,4.75,0.1,4.48,1.98,1.92,-5.1,5.68,7.35
30-Sep-11,3.23,3.42,4.75,0.08,4.2,2.15,-8.56,-4.52,7.36,6.78
31-Oct-11,3.23,3.42,4.75,0.07,4.37,2.01,-3.65,-6.06,7.1,8.08
30-Nov-11,3.23,3.42,4.51,0.08,4.08,1.98,-5.99,-5.23,8.31,7.27
31-Dec-11,3.54,2.99,4.3,0.07,3.83,1.97,-10.54,-5.34,10.56,9.82
31-Jan-12,3.54,2.99,4.25,0.08,3.8,1.97,-6.17,-9.08,11.83,11.98
29-Feb-12,3.54,2.99,4.25,0.1,3.97,2.17,-6.57,-7.33,12.03,12.36
31-Mar-12,4.89,1.63,4.25,0.13,4.15,2.05,-6.06,0.69,11.87,12.31
30-Apr-12,4.89,1.63,4.25,0.14,3.86,1.8,-4.44,0.5,11.79,11.72
31-May-12,4.89,1.63,3.77,0.16,3.28,1.62,-9,-1.95,12.11,11.27
30-Jun-12,4.27,1.21,3.54,0.16,3,1.53,-6.71,-0.5,11.76,12.07
31-Jul-12,4.27,1.21,3.5,0.16,2.89,1.68,1.31,2.33,11.78,12.65
31-Aug-12,4.27,1.21,3.5,0.13,3.19,1.72,5.48,12.29,9.69,13.32
30-Sep-12,3.44,2,3.5,0.14,3.09,1.75,14.83,13.59,8.64,14.26
31-Oct-12,3.44,2,3.27,0.16,3.02,1.65,10.27,12.06,9.37,13.79
30-Nov-12,3.44,2,3.25,0.16,3.09,1.72,14.78,11.77,10.34,16.31
31-Dec-12,2.83,2.2,3.03,0.16,3.23,1.91,20.26,14.14,8.35,14.33
31-Jan-13,2.83,2.2,3,0.14,3.4,1.98,20.11,18,7.02,11.06
28-Feb-13,2.83,2.2,3,0.15,3.5,1.96,24.19,16.47,7.34,10.73
31-Mar-13,2.32,2.5,3,0.14,3.51,1.76,19.98,10.76,8.28,11.01
30-Apr-13,2.32,2.5,3,0.15,3.25,1.93,23.66,16.7,8.66,11.81
31-May-13,2.32,2.5,2.8,0.11,3.23,2.3,26.5,29.3,5.3,9.07
30-Jun-13,2.01,2.4,2.75,0.09,3.54,2.58,22.75,33.1,4.49,5.87
31-Jul-13,2.01,2.4,2.75,0.09,3.75,2.74,23.83,45.29,3.71,4.21
31-Aug-13,2.01,2.4,2.55,0.08,3.86,2.81,24.28,36.94,3.24,2.87
30-Sep-13,2.22,2.16,2.5,0.08,4,2.62,24.29,34.02,3.53,2.95
31-Oct-13,2.22,2.16,2.5,0.09,3.97,2.72,25.48,38.16,4.2,3.18
30-Nov-13,2.22,2.16,2.5,0.08,4.13,2.9,23.26,45.04,3.36,2.6
31-Dec-13,2.52,2.75,2.5,0.09,4.24,2.86,20.2,48.03,2.6,1.91
31-Jan-14,2.52,2.75,2.5,0.07,4.18,2.71,11.06,39.83,4.61,4.21
28-Feb-14,2.52,2.75,2.5,0.07,4.12,2.72,10.64,40.38,4.39,4.25
31-Mar-14,2.83,2.93,2.5,0.08,4.1,2.71,13.46,34.73,3.8,4.09
30-Apr-14,2.83,2.93,2.5,0.09,4.03,2.56,10.46,31.47,3.3,3.42
31-May-14,2.83,2.93,2.5,0.09,3.78,2.6,16.45,22.65,5.82,6.52
30-Jun-14,2.93,3.01,2.5,0.1,3.7,2.54,17.43,20.41,7.37,9.59
31-Jul-14,2.93,3.01,2.5,0.09,3.47,2.42,16.54,11.78,7.46,8.84
31-Aug-14,2.93,3.01,2.5,0.09,3.41,2.53,14.41,15.34,9.18,11.03
30-Sep-14,2.52,2.31,2.5,0.09,3.55,2.3,5.93,20.37,8.23,9.22
31-Oct-14,2.52,2.31,2.5,0.09,3.32,2.33,6.39,17.44,8.07,8.7
30-Nov-14,2.52,2.31,2.5,0.09,3.26,2.21,4.3,17.03,9.42,9.69
31-Dec-14,2.12,1.72,2.5,0.12,2.96,1.88,5.61,15.01,11.16,10.19
31-Jan-15,2.12,1.72,2.5,0.11,2.64,1.98,12.48,20.11,11.83,11.16
28-Feb-15,2.12,1.72,2.28,0.11,2.5,2.04,14.53,23.59,10.56,9.67
31-Mar-15,2.22,1.33,2.25,0.11,2.48,1.94,14.13,29.12,11.19,9.9
30-Apr-15,2.22,1.33,2.25,0.12,2.41,2.2,10.23,26.73,9.68,8.29
31-May-15,2.22,1.33,2.04,0.12,2.88,2.36,9.93,29.16,8.07,6.43
30-Jun-15,1.81,1.51,2,0.13,2.98,2.32,5.68,25.18,6.2,4.38
31-Jul-15,1.81,1.51,2,0.13,2.9,2.17,5.68,33.77,7.11,5.03
31-Aug-15,1.81,1.51,2,0.14,2.72,2.17,-3.16,27.49,5.49,2.96
30-Sep-15,2.42,1.54,2,0.14,2.7,2.07,-0.68,18.87,6.51,3.91
31-Oct-15,2.42,1.54,2,0.12,2.62,2.26,-0.74,26.27,6.04,3.66
30-Nov-15,2.42,1.54,2,0.12,2.85,2.24,1.9,17.42,4.81,2.94
31-Dec-15,2.62,1.69,2,0.24,2.85,2.09,2.56,11.8,3.59,2.15
31-Jan-16,2.62,1.69,2,0.34,2.73,1.78,-6.13,4.85,3.47,0.4
29-Feb-16,2.62,1.69,2,0.38,2.48,1.89,-13.73,-2.08,5.47,1.52
31-Mar-16,2.62,1.31,2,0.36,2.57,1.81,-9.59,-3.91,5.14,2.94
30-Apr-16,2.62,1.31,2,0.37,2.52,1.81,-4.93,-0.81,5.69,4.29
31-May-16,2.62,1.31,1.77,0.37,2.32,1.64,-2.38,1.62,7,4.88
30-Jun-16,3.14,1.02,1.75,0.38,2.12,1.5,0.56,0.4,10.82,8.51
31-Jul-16,3.14,1.02,1.75,0.39,1.93,1.56,2.37,-3.93,9.69,9.11
31-Aug-16,3.14,1.02,1.52,0.4,1.88,1.63,9.3,0.46,9.45,10.19
30-Sep-16,2.22,1.26,1.5,0.4,1.99,1.76,13.17,1.95,8.42,9.78
31-Oct-16,2.22,1.26,1.5,0.4,2.2,2.14,6.11,-5.4,6.61,8.08
30-Nov-16,2.22,1.26,1.5,0.41,2.51,2.49,10.03,0.94,4.65,5.61
31-Dec-16,2.62,1.48,1.5,0.54,2.79,2.43,11.8,7.92,5.02,6.88
31-Jan-17,2.62,1.48,1.5,0.65,2.73,2.42,17.34,8.88,2.08,6.26
28-Feb-17,2.62,1.48,1.5,0.66,2.75,2.48,22.13,12.37,1.65,6.68
31-Mar-17,2.01,2.13,1.5,0.79,2.81,2.3,20.49,15.55,0.97,4.6
30-Apr-17,2.01,2.13,1.5,0.9,2.56,2.3,17.77,16.93,1.74,4.53
31-May-17,2.01,2.13,1.5,0.91,2.54,2.19,11.1,13.33,1.56,5.16
30-Jun-17,2.01,1.93,1.5,1.04,2.41,2.32,14.09,14.73,-1.14,6.21
31-Jul-17,2.01,1.93,1.5,1.15,2.64,2.21,7.33,10.6,-1.35,5.31
31-Aug-17,2.01,1.93,1.5,1.16,2.6,2.2,9.79,10.07,-0.07,5.69
30-Sep-17,2.93,1.8,1.5,1.15,2.7,2.36,9.25,15.38,-0.69,5.53
31-Oct-17,2.93,1.8,1.5,1.15,2.78,2.35,16.13,22,1.05,7
30-Nov-17,2.93,1.8,1.5,1.16,2.57,2.4,14.61,20.51,3.02,9.25
31-Dec-17,2.32,1.9,1.5,1.3,2.58,2.58,11.8,13.38,2.79,9.04
31-Jan-18,2.32,1.9,1.5,1.41,2.75,2.86,12.18,18.15,2.77,8.07
28-Feb-18,2.32,1.9,1.5,1.42,2.86,2.84,10.1,15.99,1.87,5.86
31-Mar-18,3.03,1.9,1.5,1.51,2.72,2.87,2.54,13.31,3.19,6.18
30-Apr-18,3.03,1.9,1.5,1.69,2.74,2.98,5.46,12.4,2.03,4.7
31-May-18,3.03,1.9,1.5,1.7,2.79,2.91,9.63,9.8,1.65,4.1
30-Jun-18,3.24,2.08,1.5,1.82,2.7,2.89,13.01,15.39,2.34,0.92
31-Jul-18,3.24,2.08,1.5,1.91,2.64,2.89,14.59,20.31,1.86,0.77
31-Aug-18,3.24,2.08,1.5,1.91,2.59,3,15.4,24.29,0.56,0.31
30-Sep-18,2.73,1.92,1.5,1.95,2.63,3.15,13.97,20.82,1.04,0.27
31-Oct-18,2.73,1.92,1.5,2.19,2.68,3.12,2.94,9.6,0.52,-0.56
30-Nov-18,2.73,1.92,1.5,2.2,2.68,2.83,-0.96,4.23,0.89,-0.63
31-Dec-18,2.52,1.79,1.5,2.27,2.43,2.71,-2.84,1.52,2.51,0.02
31-Jan-19,2.52,1.79,1.5,2.4,2.27,2.68,1.37,3.84,4.02,2.38
28-Feb-19,2.52,1.79,1.5,2.4,2.13,2.57,7.05,10.06,3.83,3.66
31-Mar-19,2.01,1.33,1.5,2.41,1.96,2.53,12.06,12.3,4.45,5.46
30-Apr-19,2.01,1.33,1.5,2.39,1.86,2.4,10.41,14.28,4.64,6.5
31-May-19,2.01,1.33,1.5,2.38,1.52,2.07,11.08,8.82,6.26,7.27
30-Jun-19,1.71,1.59,1.28,2.4,1.38,2.06,11.55,11.95,7.28,9.5
31-Jul-19,1.71,1.59,1.02,2.13,1.31,1.63,13.26,11.73,8.26,9.77
31-Aug-19,1.71,1.59,1,2.04,0.95,1.7,9.04,7.57,11.59,11.79
30-Sep-19,1.91,1.67,1,1.83,1.03,1.71,12.47,9.13,10.96,11.43
31-Oct-19,1.91,1.67,0.76,1.55,1.03,1.81,19.28,15.83,10.4,11.83
30-Nov-19,1.91,1.67,0.75,1.55,1.15,1.86,25.98,23.58,9.14,11.94
31-Dec-19,2.12,1.84,0.75,1.55,1.2,1.76,23.4,27.97,6.63,10.74
31-Jan-20,2.12,1.84,0.75,1.58,1.15,1.5,24.72,28.31,8.2,11.17
29-Feb-20,2.12,1.84,0.75,0.65,0.98,0.87,8.64,15.61,10.08,11.73
31-Mar-20,1.41,2.19,0.43,0.05,0.89,0.66,-14.42,4.44,8.07,2.43
30-Apr-20,1.41,2.19,0.25,0.05,0.86,0.67,-9.06,3.5,9.22,5.6
31-May-20,1.41,2.19,0.25,0.08,0.91,0.73,-6.7,11.98,7.19,6.32
30-Jun-20,-5.86,-0.35,0.25,0.09,0.92,0.62,-7.68,5.18,6.07,6.01
31-Jul-20,-5.86,-0.35,0.25,0.1,0.88,0.65,-9.87,3.42,6.35,7.58
31-Aug-20,-5.86,-0.35,0.25,0.09,0.89,0.68,-5.08,6.73,2.38,4.43
30-Sep-20,-2.87,0.69,0.25,0.09,0.9,0.79,-10.21,4.3,3.88,5.06
31-Oct-20,-2.87,0.69,0.25,0.09,0.82,0.87,-8.15,2.71,4.35,5.84
30-Nov-20,-2.87,0.69,0.11,0.09,0.87,0.93,-1.98,5.35,5.05,7.66
31-Dec-20,-0.16,0.86,0.1,0.09,0.98,1.08,1.4,5.73,5.87,8.03
31-Jan-21,-0.16,0.86,0.1,0.08,1.05,1.26,-3.11,0.87,2.69,5.04
28-Feb-21,-0.16,0.86,0.1,0.07,1.32,1.61,6.47,7.79,-1.12,2.58
31-Mar-21,2.14,1.11,0.1,0.07,1.69,1.64,37.47,23.55,-1.32,8.62
30-Apr-21,2.14,1.11,0.1,0.06,1.65,1.62,30.76,23.03,-2.14,5.48
31-May-21,2.14,1.11,0.1,0.08,1.62,1.52,28.23,20.41,-1.84,4.1
30-Jun-21,10.35,3.85,0.1,0.1,1.52,1.32,27.8,27.5,-1.57,3.56
31-Jul-21,10.35,3.85,0.1,0.09,1.25,1.28,28.56,31.85,-1.01,2.45
31-Aug-21,10.35,3.85,0.1,0.08,1.12,1.37,28.15,31.37,-0.34,2.99
30-Sep-21,4.09,3.01,0.1,0.08,1.28,1.58,30.56,27.76,-2.3,1.96
31-Oct-21,4.09,3.01,0.1,0.08,1.72,1.56,27.96,31.36,-2.42,0.94
30-Nov-21,4.09,3.01,0.1,0.08,1.81,1.47,15.48,26.8,-1.37,-0.57
31-Dec-21,4.59,3.5,0.1,0.08,1.61,1.76,17.23,29.58,-2.39,-1.14
31-Jan-22,4.59,3.5,0.1,0.08,1.88,1.93,9.44,27.3,-3.13,-2.96
28-Feb-22,4.59,3.5,0.1,0.2,2.11,2.13,10.2,18.33,-2.11,-3.68
31-Mar-22,3.05,5.09,0.1,0.33,2.5,2.75,14.97,11.6,-4.34,-5.01
30-Apr-22,3.05,5.09,0.1,0.77,3.01,2.9,10.16,4.73,-6.84,-9.6
31-May-22,3.05,5.09,0.33,1.21,3.38,3.14,4.84,2.64,-7.66,-9.92
30-Jun-22,3.16,6.14,0.73,1.68,3.77,2.9,-6.47,-6.52,-9.35,-13.3
31-Jul-22,3.16,6.14,1.28,2.33,3.42,2.9,-2.17,-4.39,-8.66,-11.68
31-Aug-22,3.16,6.14,1.81,2.56,3.37,3.52,-3.43,-9.62,-11.21,-14.25
30-Sep-22,6,7.27,2.25,3.08,3.74,3.98,-7.69,-9.79,-13.18,-17.48
31-Oct-22,6,7.27,2.58,3.78,3.92,3.89,-2.01,-4.33,-13.36,-17.89
30-Nov-22,6,7.27,2.84,4.1,3.71,3.62,5,-5.89,-12.73,-20.35
31-Dec-22,2.73,7.86,3.05,4.33,3.57,3.53,-1.08,-12.52,-13.83,-17.75
31-Jan-23,2.73,7.86,3.1,4.57,3.62,3.75,12.21,-7.9,-10.69,-18.18
28-Feb-23,2.73,7.86,3.29,4.65,3.71,3.66,7.16,-0.48,-11.28,-20.27
31-Mar-23,2.17,7.02,3.54,4.83,3.47,3.46,0.1,4.31,-6.66,-18.89
30-Apr-23,2.17,7.02,3.6,4.83,3.34,3.46,2.83,11.12,-4.15,-11.99
